x1,x2,x3,y
-0.5193932622037138,-0.010282098078353563,0.7564314260500606,0.08372786040232279
-0.7657550264738111,1.0,0.25862960857816275,2.9207217751704633
1.0,-1.0,-0.36032617937110545,-10.163802618096783
-1.0,-0.5564130028481085,-0.2175403133085425,-1.5588889390056764
1.0,0.23490779585989596,-0.9608919965632818,10.90772622716638
1.0,-0.7671300849539806,0.9851413750471385,1.0914218241090246
-0.3599417761317383,0.8130092099828066,-0.2844287729358159,1.1881992876352272
-0.30200690407992425,0.6516443104308143,0.8796610157676261,2.8429781984629297
-0.5951251523411847,0.4208999767676742,0.11672875522218784,-2.461047602600894
-1.0,-1.0,0.3296023391070473,10.744243426951577
0.21248878724502318,0.2057188369669245,0.032859139237330526,1.1369124344617663
-1.0,1.0,1.0,17.10705048472549
0.4565099121416092,-1.0,0.6906436311421953,-1.2236427628795903
-1.0,0.1455696284358854,-1.0,13.009789220288456
1.0,0.66272830184628,-0.9625387585755634,13.783716772183812
-0.3514505251967801,0.84024658155888,-1.0,-3.8803442679276805
1.0,-0.3072287228662469,-0.6209103859152523,4.841571037952515
0.9758709793912848,-0.5442265871606657,0.7038717569485546,4.441189578055876
-0.47502011642017616,1.0,0.37832208661188105,5.903561729548699
0.24717893290252024,-0.10720746829661554,0.5806991862741748,0.33950674489617705
-0.14376274075149253,0.7966135350216588,-0.2072406178177586,1.2119111715025879
1.0,-0.1434093573013131,-0.1904577143598276,4.15441808873604
0.8149536310866274,-1.0,0.04549356695401663,-3.566892336019849
-0.8653793446407678,0.675258056492801,-0.7602401792865714,1.6976095362449546
-0.6389701739529092,1.0,1.0,15.570399791787008
0.016044870659023713,-0.35411448688741265,0.6788441451838718,-0.8814143674104995
0.5673707163996362,0.368134864299815,0.044022391516643555,1.0065630732471242
0.2380723304212462,-0.7683654219029779,1.0,-3.475306689472376
0.773035231122676,-1.0,-0.05878180313217851,-3.4937859777893987
0.5436436038974981,0.6691841505339611,0.7767477484456915,3.516466820149292
-0.20578914758125988,1.0,-0.2820154013186176,8.192875788211452
-0.255553221577667,-0.04382149470338881,-0.5871839380601671,0.007003029130688843
-0.14270420835974718,-0.274568375339455,0.5911842507627163,1.146434011742417
0.332753666187501,-1.0,0.2074582084710812,1.21259297198058
0.0377524356351997,0.12934426346292494,1.0,0.44127793282565303
-0.4965351086161922,0.8940278308835103,-0.26646135263902293,2.1703634842970505
1.0,-1.0,1.0,-9.652873596044389
0.8544310033052804,-1.0,-0.4727031423724253,-7.485301197306517
1.0,-0.6755766102428478,0.4648294433801461,2.673278009822721
-0.857138931722512,-0.16170574437678398,-0.161960600364631,-1.77349425441462
-0.8118830265391275,-1.0,-0.47390070116618,4.483742088513413
0.8198458082681641,-1.0,-1.0,-28.02314744723857
0.6983223942399419,-0.3288337733662041,0.13055853264970274,2.58742376646615
-0.4500543089335871,0.3077375755075782,0.7433781337765981,-0.9206436809548489
-0.8941838462701448,0.22795032164984486,1.0,3.4380081989702247
-1.0,-0.41058138075204287,-0.7227395096567653,-0.07328561423479418
-0.9093890710394421,-0.33986694534340645,0.5682923107024933,0.16898900463602495
-1.0,-0.18954116703439072,0.733962188122139,-1.7495362525116207
-0.6763340003836997,-1.0,0.30988431352045254,4.881597917031886
0.4669352108871132,-0.10412987227393922,-1.0,-3.219438859120769
-0.11236935638615009,-0.9754995802911912,0.6959465656383002,-0.14522968910002854
1.0,1.0,-1.0,39.27183689283555
-1.0,1.0,0.6432380761573178,0.44812093691986044
-0.42583841799368294,-0.5309482932348129,-1.0,-3.875645575172496
-0.8349766856035918,0.06769656787453959,-0.5172268753538081,-0.31342061054495046
-0.6923097294620153,-0.7452632867963651,-1.0,-1.7996114753989092
-1.0,0.43451421668180856,1.0,4.09398131811202
-0.9958668059888021,-1.0,0.3312395785910667,10.923691807338063
1.0,0.5718449047787408,-0.9860673397137096,12.408815069343536
0.7253145723669467,-0.13377749969603636,-0.3574029642144465,1.8077512454937283
-1.0,-0.34289921193687345,-0.3212649973300279,-2.7392474390807666
-0.24349782203782944,-1.0,-0.052572849840157865,3.291425491125679
-0.42391559591075745,-0.19558171990172757,-0.19970716185320736,0.5328694403136814
0.054275502393682507,0.5582914831594998,1.0,4.433991927377266
-0.6512084667118763,0.7489242304485839,0.8415981301176856,1.5976679022370333
-0.6826469915892053,0.13073290412558802,-0.24288634243113982,-1.6069977916028526
0.8653968651328354,-0.2844065576720154,-1.0,-1.3601064093332131
-0.8354596342113842,0.20236144043811732,-1.0,6.447309343359276
0.7106670757637465,-0.5773566682182296,-1.0,-6.578443900367304
0.9488033505861513,-1.0,0.12223401375700926,-6.881458071095828
1.0,-0.6642961629033717,0.39932994614269335,3.109919113797958
-0.14178484526134838,0.2519416405375212,-1.0,-3.422168712056084
0.6504457169155982,0.9226460383917601,-0.3013210350891504,5.429227697991446
-0.4562893594921127,-0.02286484504846298,0.8297328103072414,0.8286202645361903
-0.20884429046842867,0.24212245302684332,0.08474408979276782,-0.324108183904099
-0.8210840196457081,0.20922875514579187,0.4043598669243731,-2.87778222325651
-0.12424760019805725,0.20912121333945044,-0.7444923830965091,-0.09770184911357196
1.0,1.0,-0.03969603662222987,13.679279138037534
-0.057637695644138676,0.6591580946234157,0.4734755853098569,0.3361443129789906
-0.3582742787955988,-0.7459847677904241,-0.7093005748188863,0.13474098052522399
-0.7708164528684309,-1.0,1.0,4.4065224810067845
-0.7912403574538864,-0.6901182781092325,0.9639917561047928,5.411874714018149
1.0,0.5205733251348283,0.9577343177386537,20.048089350474264
-0.2780836157685267,-0.39824189711331215,0.10936490078712291,0.6411202398418727
1.0,-0.3656065647595046,0.11909692693743601,3.8214846062768384
1.0,0.29215258268330424,-0.4766340565177989,4.436126554306893
-0.3141240811709338,-0.6278763101118385,-0.9130826319139169,-2.733037460745835
0.8044812349387009,-1.0,-0.01208044131498287,-3.3135590582176295
-0.04176763010642537,-0.8285041860413749,0.07665464929610133,1.9762471696014814
0.9612571555054803,0.6600229021152391,-0.22805211194014396,5.578071349922424
0.823641552515336,-1.0,-0.2299663395349889,-4.302371464253959
0.7235604931112924,-0.48189573064366376,1.0,-1.9976872127589311
0.18656634802420258,-1.0,0.22975353568758017,1.0873088044916726
-0.18658586690308576,-0.17418608765921784,0.17276943656341293,0.5576322091271109
0.28587758463366764,-0.0946721334792382,-0.599837892936504,1.8459990079910824
-1.0,-0.24372969617163043,-0.40793910470542216,-2.5652865384591075
0.9236735216387468,0.12147814053712036,-1.0,5.2297010116257185
-0.682901083811569,-1.0,0.8263909955516691,3.7573725898698505
-1.0,0.05358461189024166,-0.5373452384372759,-2.1609125950228845
0.4943648242007801,-0.3655071090734916,-0.6157552250994072,1.8328451155268963
-1.0,-0.7017135613672878,0.3686658876786013,2.7289006253653096
-0.4768839771962714,-1.0,-1.0,-11.636212078273955
0.011412220354908964,0.475410168333783,0.1348277296870357,-0.4654341889878278
0.31139594613343236,-1.0,-0.09087877967145963,2.0165929105590723
0.7963332151030467,0.31649028253383626,1.0,7.020692456943698
-0.5069421865071055,0.04371355968959767,1.0,1.8773862861392083
0.8731245194143835,-0.19321750942623694,-0.17995650570319754,2.07388256419306
-1.0,-0.7955178947893868,1.0,16.328175758663598
-0.8815891641346301,-1.0,0.4325408134416435,8.917820091035345
-0.2353405012602674,-0.7821884329537072,-0.37808840147388945,1.273189430492019
0.015732662393241448,0.5640405411458311,-1.0,-4.0680005191166195
-0.40422804414442304,-0.1805548062214568,-0.3140158093687164,0.5991983829403618
-0.19840039082853522,0.5834808777419418,-0.9335390801312176,-3.276181580154556
0.6192974875094628,-0.8575140207505958,0.0200152148385373,1.5013136396958875
-0.6934514240359411,0.6147489666527601,-0.7996883845206881,-2.1389731072143046
-0.3433875694046513,-1.0,-0.3923271899284444,1.9261060487444284
-0.9133247806791744,-0.6830186934008404,-1.0,4.072468153143027
0.8906649242406512,0.26877764875508836,-1.0,4.101307196772675
0.7947556117849937,0.441447797971412,-1.0,2.0833312507432993
-1.0,0.6171961901461211,-0.9546183379283806,15.91667275108512
1.0,-1.0,-0.6809838528966996,-14.086113049766917
0.3618519434762393,-0.37474787179018354,-0.10487145602300219,0.6813476957084761
-0.46732108041002607,-0.5329558908319723,-0.15573770503375717,0.6164481377476652
0.31408057114549326,-1.0,-0.2486295561477172,0.4848598485494215
-1.0,1.0,-0.326421882048457,11.10514586506263
-0.5927261448284118,-0.867435007539215,-0.1490911137799853,3.2911610630899037
-0.3984187744396577,0.03913161327946768,-0.7331730748013667,0.381406461777066
-1.0,0.6685765731266469,0.34181463510207477,-2.8667992877860375
-1.0,-0.1920921006067391,0.02846943808146607,-3.9814354387538646
0.6092386615437873,-0.0527681057829148,0.719110960207153,2.0194666675749007
0.5981366911614991,0.14732831666552948,0.9158111048956981,1.5945879601840807
1.0,-0.1082974465318407,0.8357354575571088,8.533659674369666
-0.3540226599435017,-0.09576287950780382,0.5958513289066487,0.036927610063781244
0.6015223807478491,0.6881814539569961,0.5624093335177329,2.672213174836403
1.0,0.9488970097981433,-0.3349982677453125,14.06727559783385
-0.279927352090537,-0.5148896561817304,0.0679469793142744,0.9375309914668022
-0.36169326192579354,-0.20819545784254068,-0.28914550391891436,0.5095453811473721
0.49175141188682625,-1.0,-0.051323999567581824,-0.46319437987346923
0.024671485712670638,-0.11656226216763965,0.4750574989367302,0.7966223306266584
0.15793019207752268,-0.37099189397997123,-1.0,-5.276870263112625
-0.035722880527169654,0.9821946010198768,0.6024824934352226,6.220123427471115
-0.5222788578060642,-1.0,-0.4050837582759319,2.489636535333451
0.003532630825299643,0.04182091229924745,-0.5422611794935943,0.3800482918923076
-1.0,-0.3674744642820369,1.0,6.1523651883061365
-0.47573725843893744,-0.3970757208144895,1.0,1.4414903088496138
-1.0,0.567628269910464,0.2690564639773261,-4.216418729453546
1.0,0.26659854883095013,0.1874863084342253,5.199432695278129
0.4777479038007799,-1.0,0.14232201394964683,-0.09984591763283687
0.30210448982484417,-1.0,0.5516281392476368,0.5489340430829535
-0.7535610541879203,-0.40022416429767227,0.8798831657473198,1.6185880199515617
-0.44731674144672073,-0.3349258299133251,0.014749730491241175,0.9881848051183901
1.0,1.0,-1.0,39.638422330262316
0.893213687351375,0.4160299415989741,0.7657682277837397,8.247919980087435
-0.8743489008754357,-0.8826341627003922,0.47793230434929534,7.193098632571992
-0.4144016530328898,0.24364194187175459,-1.0,-1.6511379088468108
-0.18638890196387314,-0.769032469684479,-0.35933136132559196,1.8439486105798375
0.13339665736020723,-0.13441415809341573,-0.8233114173681575,-0.5010411531611095
-0.4813894062224111,1.0,1.0,16.263117710267462
-0.7655543423994462,-0.05777710914151335,0.9318433688578813,0.9231531582702479
-0.8114386459911398,0.4849247377422581,0.24129196080726434,-3.071260494040631
0.024373812458780453,-0.62246228322888,-0.9794649123509935,-6.529333193647335
0.09209744261390695,0.30411034816620086,-0.5055271589291099,-0.18087998841465203
-1.0,0.2625219412685258,0.3914441127101802,-4.222854235194916
0.19809871035981974,-1.0,-1.0,-18.686864344422148
0.9031043906348972,-1.0,0.6909628121555142,-4.447268509123983
-0.029063550650715086,1.0,-0.1126210330553048,7.868188633984589
0.3817504059422938,-0.30519828028191953,-0.1522783385883082,1.959388235150335
1.0,-0.24604657388451479,-0.2438510590662597,4.608022815834977
0.38302970319274876,-1.0,0.9720062793480759,-6.662639186189801
0.702945695560494,0.5589722345454686,0.2734974109190227,2.329302621517635
0.9579146538805727,1.0,-0.02348515843576826,12.86688757673537
0.7773207797795207,-1.0,-0.05480941290558006,-3.130124735500537
0.637071869659362,0.8080801995492137,1.0,8.374613480430506
0.5065366727795746,1.0,1.0,8.401323070695822
-1.0,0.5515182244365455,0.9136551283543084,0.7334605484856354
-1.0,-0.4167385702399422,1.0,7.72552610675714
-0.09144738432755162,0.4636638525416441,0.2036492936654113,-1.0644284825665407
-1.0,-0.2786747015793889,1.0,5.367380806704841
0.3215848157329553,-0.20195311186930343,1.0,-1.044546907225162
1.0,-0.1480142267305895,-1.0,6.710920407556962
0.5459682141331723,0.49991147371060407,0.6202640927646239,1.3885829931745608
1.0,1.0,-0.1521933551078951,15.671367615565243
0.33547541697528116,0.5951589763987768,-0.2852966915674138,0.9889300254205925
-0.2854784779466393,0.3248349091785572,-1.0,-2.97251688752442
0.39854812839378995,1.0,-0.30906148968007274,9.826422981770763
-0.171345874905243,-0.72321001356679,-1.0,-7.625407145491061
-0.18419980391561297,0.5356635328458694,0.943752634038378,2.21584601038633
0.44095955237758666,-1.0,-0.14032145213775404,-0.06451316368933713
-0.42875343410783984,-0.7478035443941031,-1.0,-5.513723011150307
-1.0,0.079717488742576,0.6629381601269553,-2.631558736016551
0.017209694892982075,-1.0,-0.37750797284375737,1.3429473903857636
-0.45490927422825234,-1.0,1.0,-4.434445186061247
0.8875980164735706,-0.5604569741167991,1.0,0.27865037351502203
0.08749920545030565,0.39902091398009065,1.0,3.702286909097115
0.4696362762094366,0.2477958964545346,0.22390834697328743,0.8942234107502125
0.8340717548412153,-0.271290108279862,-1.0,-2.2448846259275435
0.44394499556516,1.0,-1.0,6.05356535420963
0.6599869245186898,0.9424435561538478,1.0,10.718912559465906
-0.5554873492021397,-0.25073358756943387,1.0,2.110645753644148
-0.6915803122700497,-0.5008261585364615,-1.0,-0.08058392611183679
0.7165871185427162,0.47672560606041925,1.0,7.676340953022173
0.19632591008910638,-0.15272032090096554,0.678977464203244,0.38921368202955886
-0.31679589736263924,-1.0,1.0,-4.410273939935921
-1.0,0.29272333526793637,0.24458860283924855,-4.20807799047844
-1.0,0.8437534851263304,-0.3033866329566024,5.198550905278722
0.35176622563483817,-0.03391959122970367,-1.0,-2.544600527581404
-1.0,0.3916637113819106,-0.7211090133576676,4.06316862117657
0.2524715616073496,-0.8168265514499431,0.498029784246222,0.8666544854192842
0.6173724022915914,-0.5014975254728438,-0.6359689313593928,1.2177710552023095
1.0,0.9770906202393896,0.7492756820881254,16.76821998184136
1.0,0.21268736895574158,-0.4681920871721157,4.663787607204277
-1.0,0.9362873107576777,-1.0,21.753877729363445
0.8790027183826583,1.0,1.0,18.202749002622348
0.0035690146145066493,-0.42480220494969756,-0.5330587099699946,0.8797176744188823
-0.02114758378872783,0.13569148622462235,-0.6636604596229967,0.23154090416871223
-1.0,1.0,-0.30918046704823743,10.924387047327993
0.9281663440055079,-1.0,-1.0,-29.71147834431798
-0.6012462932381535,-1.0,0.6944519895568768,2.5979720734010763
-0.7307640271134821,0.9474676039171195,-1.0,0.7943527321274786
0.8176379240083385,0.007749625038851127,0.2674392635714491,2.0548772236372117
0.3117685954815197,0.1923604624247266,0.9473228595982233,-0.05021776723593924
0.6823743534928568,-0.9209180172656464,0.48292518954468044,-0.6199875039043071
-0.24676675332099363,0.5562843854049837,-0.5919146428709743,0.018783308020960954
0.6947507106231163,-1.0,1.0,-6.569631402936466
0.24988911798909252,-0.6193180851686928,-0.018726886770495055,0.14426676790019877
0.39055042806157014,0.24600666583770092,0.33438706479908586,1.0814716949461927
-1.0,0.9294350921198871,-0.1665190150792244,7.4139304175263305
-1.0,0.8280816110055877,-0.3451454376309062,4.873417150914759
-0.26758016445947486,-0.4727122634933798,0.6944537515768912,0.7915659441698567
1.0,0.41578733373334265,0.15653676696696128,7.1962084416005725
0.14380847716309852,0.13903211934961068,0.6007364211133828,0.5657999638852165
0.4587593680413291,-0.13559120641598899,-1.0,-3.3899086065229365
-1.0,0.3651143103468182,1.0,3.591372305012124
-1.0,0.7674746340670462,1.0,9.807947716385215
0.39981935898341203,0.20591611226678386,-0.7055030316623043,0.4477995841582402
0.19482708706416374,0.5352816167272234,1.0,3.6248977794563757
-0.11606115708537468,-1.0,0.36538119691403526,1.609503395584326
-0.12065378764530643,-0.694494208787934,-0.4906936546096219,0.9974851482587663
-0.3346139394239107,-1.0,0.6399969906166962,1.0811749142497336
-0.18405101657681988,-0.30343340326463464,0.6734174991070851,0.3952528061412961
1.0,-0.12713624988808903,0.6379757132768509,7.137357960311392
-1.0,0.14985170607537324,0.13809002014434868,-3.9328326009146637
0.6965889904259246,0.07906605807816391,0.7221007379436468,2.5846908854173636
1.0,-0.22585484280179147,0.017092001066193907,3.809677373278235
-1.0,1.0,1.0,16.723380033789947
-0.7036458728735702,-0.8301774010240253,-0.8809137064889367,-0.8918412436185894
0.6496505476470387,-0.22855824456398977,-0.7364527616928405,1.4792264447569818
0.10128964830317777,-1.0,0.09459119550043527,1.9008518977759437
-0.42570280201280686,0.3098567917106392,-1.0,-1.9830077493628706
0.6624292731616315,0.9473406944570131,-0.16133904302353863,7.631471450727695
1.0,-1.0,-0.531899770296095,-11.341101718033052
0.9509914631833245,-1.0,-0.1336728771657223,-7.6994794919330865
0.6657819826413613,0.1921799507667823,0.6150412655978841,2.351400187379921
1.0,-0.09418602873726512,1.0,10.648870745609116
0.9446727848018666,-0.3566997903382836,-0.22900533444393,3.786978641144892
-0.3000751044806562,0.7478503901800033,-1.0,-3.6842447289793676
-0.5015694452916517,-0.9163976504794993,-0.1989744398401181,2.8102401518985825
-0.7855199009618272,0.16281824925670407,0.5859948849150634,-1.6536560266438887
-0.7383564442906156,1.0,1.0,15.92185573768625
-0.778305350780464,0.022856740719246593,0.7798751398415593,-0.3915165597061126
1.0,-1.0,0.10161968531859888,-8.03455469308092
-0.7283405753433687,-1.0,-0.2805462111877859,4.338252535284775
0.30553435057375844,-0.1186996098359514,1.0,-1.5320897149961101
-0.539610292437344,1.0,-0.04702255005418943,5.6502031618577755
-0.32569301668255224,1.0,-0.25381941201413394,7.225039649257895
0.5411439674206349,-0.125451795333678,1.0,-1.2821271749550445
-1.0,0.11370613361980264,0.6087427390776212,-3.2559390864485804
1.0,0.046044028582410634,-1.0,8.24822557955848
-1.0,0.1510897567820999,-1.0,12.5678638964104
-0.5659874992738103,0.7893143778951541,0.5567767890399737,0.407516147239083
0.18658193431958403,1.0,0.2209131415060599,7.385623548454619
0.25967369932768536,-0.6516076482940558,0.022236104314887317,1.8562831481556143
-0.5099876613859575,-0.02943644809955792,-0.2040117227573892,0.42287199003843934
0.03592854887940922,0.015213820016668267,-0.5539622324706868,1.1836157839633623
0.4462376403209185,-0.9548564709057237,0.0108064270016075,0.991679068608578
-0.6302819189428053,0.6849476075526937,0.2546867203290073,-1.6010778007507023
0.7294007790277406,-0.5908630281729372,1.0,-2.483993760898977
1.0,1.0,0.24515355104614978,12.907923562683042
-0.38530659150347546,0.3876585176713787,0.08325171469557091,-1.0581658203629036
-0.7690360290822682,-0.820189382502708,1.0,5.6477376454588075
0.6750982487591235,0.4964911477275895,-0.025692286518089524,0.9481031772171546
0.8653951327739386,0.21435630961632968,0.26627435563497603,3.2689198229190493
-0.05104340894170312,1.0,-1.0,4.485931739269611
0.9786714810461485,-0.9981201961333963,0.5914792396825896,-5.867545794333096
-0.6822038290908115,1.0,-0.3260793673264817,4.711539487204821
-0.6494256757811325,-0.8170869021376976,1.0,1.9754384964348883
0.4763712176216728,-1.0,0.1996309358916788,0.023452043820733293
-1.0,0.45769685080291267,0.6754185847520886,-3.711670133742516
-0.86851044527741,-0.021585258648057826,0.5392888287874276,-1.8203601131686975
-0.5554059807614053,-0.340550505383461,-0.6413277281997496,0.9370775709249382
1.0,0.0522047900909175,-1.0,8.375790526730244
-0.09103851691345177,-0.9874525810724972,1.0,-5.974603349619524
-0.36199307435530614,-0.31219882657215203,-0.6252419473736741,0.6008201445154772
-0.27886727052203186,0.6973372707098113,-0.1423083275007102,-0.06270106123487713
-0.9384940309590015,0.3833493537677839,0.44895199126450724,-4.422519712067305
0.328272428142127,0.12860755246047262,-0.14727269723811265,0.6195532263176393
-0.38114268928394646,-1.0,0.056908507798626884,3.6558193646955273
-0.4291192588777675,-0.8099378933494306,-0.9546897123406335,-4.716657446126122
-0.9780152825087938,1.0,1.0,16.541893071860926
0.1772543372577704,0.24521833481145205,-1.0,-3.67855222033749
0.4760083235596304,-1.0,0.06372970051063476,0.435164028811923
1.0,0.40179530210994896,-1.0,11.320366650045798
-1.0,-0.5191424897121488,-0.2466385463686227,-0.4805625860585917
-0.5724521446751876,-0.132024180508161,0.9850876563053175,1.2147070181787325
0.3240514910119281,-1.0,0.658000606270035,-1.8457605785680036
-0.7950202179966639,0.485259989654484,0.151935664088803,-3.514764071595052
-0.14006172978205944,-0.5739896329044472,0.484433218125655,0.4655157088004839
-0.21618231348433437,1.0,-0.26810679490660494,8.360906112612591
0.150401484521814,0.037555483592768946,0.2535573128161681,0.5257579841696132
-0.8587775775581981,-0.35097803553527807,-0.6765658690143226,1.024632307859923
0.902732938188447,0.5797498215362966,-1.0,6.350057587969977
1.0,-0.8140395601238146,-0.6755620684431234,0.6538140611683064
-1.0,-1.0,0.22798108018799046,9.647580462828307
-0.49499259935677986,-0.24559794248722744,-1.0,-1.2015139664432843
1.0,0.21114625821393918,-0.7273408590739154,6.977034674466007
0.810048351132681,-0.9945207316327607,0.7791693324314366,-3.573503092979974
-1.0,-0.2598732282605547,0.2503894018281694,-3.719987146969142
0.23725399842784434,0.8562395273159458,0.3302041781371643,3.214407087951581
-0.7247475497694238,0.36402509607199485,-0.5408594357035936,-1.7599714626021155
0.04196921604789705,-1.0,-0.7519347562751475,-5.132502166739914
0.10822099881940361,1.0,0.860015387582421,10.597759805193032
0.2659373816050816,0.10245998850648164,-0.18108356492033462,0.25761301894959476
-0.3585859889698171,0.6135070775967961,0.24648256305787908,-0.838779782515786
0.5355199050006794,-0.3510747702272734,0.16727646861424406,2.604853079171151
-0.7257399971857306,0.586206143942885,-0.3919293546032072,-1.6731675542928999
-1.0,-1.0,0.477934637219519,11.98362142709265
-0.33861306423983395,0.03372878187381678,-1.0,-1.9818924958805295
0.014758780363826718,0.4652637368549266,-0.24271058333573703,0.6878442494809974
1.0,0.32750598027687916,0.35378103703018127,7.974983668750802
-1.0,-0.3314694532510152,0.4565005613372264,-2.3590165205054374
-0.18533324519725625,1.0,0.7245279874266319,9.481799457606122
0.20243259470792974,-0.294879448062054,0.8588694027165913,-1.058218874024234
-0.6466656795004515,-0.03527651897709094,1.0,1.548305720576741
0.8649434284533797,0.5204251944812759,-0.5220567907278895,3.1178603726494822
0.4045563927252862,-0.864960022036666,1.0,-4.463936009662748
-1.0,0.17884705194943917,1.0,3.0985366057334067
1.0,0.582826334856567,0.260712252691085,8.708825258740035
-0.25712748884126335,1.0,1.0,15.17048891932883
-0.6238359624789189,0.7228091737647857,0.283910601409477,-1.7551284859099983
1.0,-0.10180672396877166,-0.36070713538932075,4.41562538957656
-1.0,0.38000510382561625,-0.6808930323364606,2.344554942002784
-0.04539747224714463,-0.7323185988129066,-0.8938385105074218,-4.230406746984246
1.0,1.0,0.9994115270557229,25.63842499463277
0.30736990528324815,-0.3851788854014171,-0.7900382493006333,0.05999974705487167
-0.4227915755305225,1.0,-0.3747013580798977,6.544970063503721
1.0,-0.1229959482918992,0.764730475509211,7.5862492838993125
0.0686323870674661,-0.9539252652824886,0.281208264953291,1.3558847854735994
0.3369069837295886,-0.03617830903816732,0.8677480278640171,-0.33990558854017083
0.1593575426069589,-0.16278011931770786,-1.0,-3.771010715991398
0.8540451782558887,0.464373367074872,-1.0,4.262506554211244
0.77825280843693,-0.5225331241297948,-0.08881260965865212,1.0202349926610732
-0.9341849942809743,-1.0,-0.20750417130799903,6.418105358177278
0.8068056131676717,0.6319072917849173,0.39066122996512975,3.5995211748004303
-0.8366103070201176,-1.0,0.87011032877144,8.675024351336138
-0.8757841208737307,0.06794764884442195,1.0,3.417162216491345
-1.0,-0.3647289505484397,0.8411484230220319,3.041867771511035
0.7998490966376888,-0.3868577937138964,0.8308328319521174,1.4636680460581017
-0.3457403016938019,-0.08929830613112211,-0.47008687713758546,0.47483749123679203
0.7397182378893226,-0.42476544297982377,0.3715275293327378,2.181165045785661
1.0,0.41997844315516497,0.15103551260642512,6.507413002320128
0.2505653266812893,0.9572759582916139,-0.02630278493237581,6.1259263967804
0.1099179160075332,-0.08834815556233488,-0.7169060864670089,0.8590252165337986
-1.0,-0.9860504777616035,0.005125466952881741,6.919803758449904
1.0,0.6074489450205827,-0.2948869296389163,5.353027564182246
-1.0,0.6742590320240831,-0.005521701582891669,-1.5049669219070267
-0.19516987855997514,1.0,-0.4212049217081517,8.564276312904607
-1.0,0.531994703316663,0.21131943493498984,-3.5603434881441185
0.0680480456397119,-0.6129746476394831,1.0,-2.2321628216203506
-0.5970536773068367,-1.0,-1.0,-10.546208823471547
1.0,0.801541803125106,-0.073950192181788,8.336722197141677
0.9775845432784815,0.3384929821775826,0.259241912215189,6.309859246850953
-0.3663842761126763,0.5049287325083032,-0.16170703089976168,-0.4562333403628371
-0.24358675724541934,-0.3505709230691141,-1.0,-3.5829733238431887
-0.4511055010546048,-0.3855474087431958,0.27689970669559894,0.4246885376157269
0.3325089833938115,0.19774931206329938,0.7880597088909429,-0.18175637469241235
-0.4670513861221346,0.4133041838787421,-0.8052098677116883,-1.851944028062279
-0.5648599390862479,-0.33051226785690835,-0.7453635974366946,1.863572393676356
-0.3694342851651138,-0.4186203032182254,-0.06479969429662025,0.9909805752721309
1.0,0.3662230543943934,-0.9336068303073346,9.929845989602114
-0.23697572304674797,0.10053115554659442,0.13781215715957562,0.2626221339235065
-0.13679165834170726,-0.6602813075387453,-0.48907478945658056,1.1551077455103695
0.3508206613994216,-0.1973436292398092,-1.0,-4.025845439750982
-0.1180572431191449,0.7986817270238846,-0.595011327970749,1.5724874359006813
0.7184257317753617,0.102352424570616,1.0,3.340894094138089
1.0,1.0,-1.0,38.328653251914645
-0.6077740108703142,0.07898818556737464,0.5423674660786142,-1.3635444866012447
-0.2936891194001572,0.056256853015278274,0.2794423440481253,-0.5450443516990731
-0.6513333419830849,1.0,0.6366001841203028,5.495188927092745
0.07083936557675208,-0.14766505007748165,0.6337440608378575,-0.03629953385469037
1.0,0.7415186016869628,-0.0528727092887229,7.9672169373216715
-0.24906213190330906,-0.8306142289886433,0.364887072261181,1.6585349251697594
-0.37642722513460836,0.07148597267287027,1.0,1.8883482147902682
-0.2526918205495272,-0.6239563716027787,-0.3380672930658051,0.8551379612812864
0.3826418434347516,-1.0,-0.5423199960144334,-2.0428707927529244
-0.19339001693588376,-0.5868420146358353,-0.4135326238440451,0.33682553014203365
-0.13646533354494994,-0.7455561030636759,0.809902504212233,0.1620576294910025
-0.4375912339093304,0.4856517749608118,-0.9693582211148584,-2.9381483852876706
0.28748822154274345,0.38239468687341427,-0.05442866976104854,1.29182431517025
-1.0,-0.3408256851316662,-1.0,6.702272290136376
0.7441916787525402,0.6741318746979255,0.5179809065096606,3.783723773469765
-0.4369141932951308,0.3244173716841616,-0.49360123121231236,-1.2138575380536316
0.29171896900304883,-1.0,-0.7361292631530105,-7.263888222362555
-0.2771992168510542,0.7721666105268217,-1.0,-4.848558694099458
-0.5126811943299778,-0.8328387024362702,-0.024877297624945394,2.932796295587765
-0.7931125445442495,0.4752989455891532,0.29679665392793075,-3.0588148411582288
-0.4356876571685149,0.04249429723443132,0.4380145171592309,-0.8721516323662841
-0.1981110723768773,-0.5256197027137135,0.4990629291123849,-0.15483557836781114
0.6986555400158825,-1.0,1.0,-7.4691494367276325
0.46005477857939603,0.6456781363897877,-0.9982288807380046,-3.0307573013375326
-0.005169039292258315,0.5871786304968789,1.0,4.22505070108628
0.05966363716256784,1.0,-0.8123743501061089,8.939695773576886
-0.460206594156354,-0.9158686832466254,-0.3531583371616349,2.5385007507133057
1.0,0.32404316180020465,0.8185281172616083,13.377995870745952
-0.02413224239300127,-0.008265499659226627,1.0,-0.5771536596023703
-1.0,1.0,-0.8492808434218309,15.60256213888344
0.8069913035591489,-0.6649235357802761,-0.6498246129862977,-0.12150721557302979
-0.307646032587489,-0.5520179958529643,0.06098165231421637,0.679521431457307
1.0,0.054770854464785135,-1.0,8.204439717728029
-0.6020314061244942,0.5853551116718028,-0.565997018373726,-2.323775068585457
-0.2550465733280076,-0.2730897166641535,0.40247250333822304,0.2942776371059308
0.20217379674856994,-0.696660661609904,-0.2550817107447809,1.8672208504938304
-0.9393333064860838,0.5659833181424607,0.9606237795152957,3.8109447371994736
1.0,0.46873317713283424,1.0,21.49584073729916
-0.9446251375173347,-1.0,0.23543419278730937,9.533323525826884
-0.3997241473503368,-0.883791289701723,-0.7130165056326394,-1.1709990358420126
0.9867297076186041,-1.0,-0.48136444031556835,-10.093968021453565
0.976030641801324,0.8449835570733784,0.7994046520565798,15.51644258663465
-1.0,0.7421857894123185,0.18903308856110712,-1.375014721443747
0.18475182601032358,0.08131094411267115,-1.0,-3.316153366440034
0.42730495051732276,-0.10155448228925334,0.3361170365409323,1.4008656665201114
-0.26199638707485606,0.04960459703539355,-1.0,-2.3628814190432252
-0.352341042203032,1.0,0.6116654606532177,8.588423327073713
-0.45565040704593995,0.6725185085994585,-1.0,-4.3080767771084885
-0.8957023992039173,1.0,0.40539160863896306,2.306043503775178
-1.0,0.8856246810641115,0.45091288995346734,-1.278438712140885
-0.3125470960188097,-0.5969919942790836,0.631174749961761,0.5083669956929977
-0.4540061002957494,-1.0,-0.6133695390158698,-0.6333837771839784
-0.5905659200887092,-1.0,-0.08136847972932126,4.9025705061657
0.6166088591618752,-0.4969756916366035,-0.2693105977857919,0.7776085846176652
0.09164442637337178,-0.4924186622063542,0.3383298635057199,1.1095096950689112
1.0,-0.11261102679722623,1.0,9.945479688886868
0.9628659642764319,1.0,-0.21075964337582742,14.805930372314084
0.5972268457782908,0.13737020639718645,-0.022868874802572492,0.549886630019371
0.7775769276582138,0.33027098615016137,-0.28601112218102287,2.508904744932745
-0.8634739376521099,0.13362768856706064,-0.5296539763450265,-0.5681992982705875
-0.5697972193448748,-0.503408750988829,0.47340733307992755,0.16145716623021789
1.0,-0.8284918531727405,-0.3097425363906674,0.4594329324984838
-0.08620926015867814,-1.0,-0.30853513476480043,2.6704369996922113
1.0,0.4170692206099613,0.16618920827155548,7.008489254533179
-0.7222619717127539,-1.0,0.8013489129773177,4.857633393224874
-0.5936499212141677,0.1741984357051114,-0.4371115376657724,-0.9542156144969801
-1.0,0.33183640561455596,-0.3575055759856922,-1.7125727392829366
0.2749439953034529,-0.37855940286992773,-0.09874130602608178,1.0420276657944485
0.08906317943766329,-1.0,-0.041132328468438395,2.404631479148045
0.607809392918194,1.0,-0.11849879900195215,9.236961572361867
0.4270478274142602,1.0,-0.41279241772272757,10.578887569204397
0.7528147838354571,0.41230609072928637,-0.260375737113004,1.858109036535272
1.0,0.39397584042074785,0.4265576075657911,8.872497847355888
0.31377473241064124,-0.22350094357859485,0.7404497195943156,-0.03437979332662899
0.050587981804234294,1.0,-1.0,3.4619675839910835
0.41809652821453125,0.4676425433502829,0.2474243707920114,1.9124184950349825
0.6228590333102939,-0.24108040634315242,0.8287179406131526,0.5176607822379282
-0.2668235649347701,-0.23866030841951558,0.07934171088956266,0.21151622566971415
0.3786573230511474,0.136837882884002,0.69527993907771,0.9125150452030598
0.35665692407211136,0.9431598975920854,0.37856401057065536,4.650855949042912
0.7469692950448694,0.9483701414845322,1.0,13.10571511425573
0.7104158616710081,-0.8734633826193223,-0.13888790134848894,1.136117163827512
-1.0,1.0,1.0,17.825301086822115
0.4000667576803425,0.19449723359665771,-0.3641844969492294,1.3429799439408352
-0.7445367135417149,-1.0,0.517593798417314,6.3130493756772
0.7150310111363669,0.9641247670899156,-0.4269855366322406,8.569881978903966
0.5572913396902819,-0.3696671545703716,-0.03777550900303117,0.8250927923406218
-1.0,-1.0,-0.3986378616323347,6.047700313402799
-1.0,0.1530326500719985,1.0,3.830234880426639
-0.08966458468843919,-0.5800308930630753,1.0,-1.8452869531476892
-1.0,-0.3475810712774219,0.05105195423447917,-3.2737258835596386
-1.0,-1.0,1.0,21.541381258917404
-0.49992364450450566,1.0,-0.02039348650556061,6.191814310753894
0.9820160602681802,0.11012112409432251,1.0,12.83129239701833
-1.0,0.9103078019283484,1.0,14.874952201877566
-1.0,-0.9907761636762504,1.0,22.54626133878526
-0.08698063238463294,0.0830900151889662,1.0,0.6013651611904047
-0.3797161750912321,-0.0225449028650635,1.0,0.7669468329411661
-0.810249979972538,-1.0,0.4681287424791136,7.123513268453429
-0.8909776369705842,0.7790837090507587,1.0,9.34972170562698
1.0,0.3123299619533981,0.0664996854364599,6.3833870147931995
-1.0,0.046160980740543645,0.2935419927117806,-5.525482513581774
0.3473724356472334,-1.0,0.39946018802018046,0.5239569032049812
-0.7087288098357667,0.26846377842291314,-0.9209021196490235,1.010887403443303
0.026078459507068663,1.0,0.2323312083083422,7.396586696829913
-1.0,0.6370276163323034,1.0,7.10262998966799
0.5037825565279086,-0.49426905819527445,-1.0,-7.469469890304534
-0.9467630015565984,0.22505146062845394,-0.7138845388742359,1.3891122228215522
-0.3453253538939043,0.39887054520226894,0.8521190661502447,0.7952013408090026
-1.0,-0.49177690107534033,-0.3321693278018163,-1.459810443030982
-1.0,-0.8642749201524988,-0.5073121719521991,3.0762535307376715
-0.8819533054472932,-0.2729624019283128,1.0,4.718299246694645
0.4214506438913319,0.5583568488394655,-0.2842109341492056,1.8173034411549125
0.7874709666845143,0.335323638153473,0.6399077255869468,4.116371563798456
1.0,-1.0,0.7914806885138019,-6.323216425877805
-1.0,0.4070547815667105,-1.0,17.442932675898383
0.29061674090988565,1.0,-0.2532230060380589,9.049516263869828
-0.7483670840196406,1.0,-0.10309101521145836,5.001024754519472
-1.0,0.6814633464360782,-0.9594511962062917,16.25783510064339
-0.38346188262478487,-0.09186790501896103,-1.0,-2.083876084523424
-0.05998056667578067,0.3038003821258006,-0.8781422938756638,-1.487791420505283
0.2524569649528354,0.5077569933112296,0.5710488144097263,1.4980905575596153
-0.009438712975425423,-0.5015063051877993,-1.0,-4.910359179911543
-1.0,0.7690795463876352,0.8172927817090161,0.8188126445182565
-0.22630446217967148,0.0764909597799659,0.13658991488281025,-0.565669127454539
-0.27083712981600394,1.0,-0.259366225274555,7.4110700209448215
-0.5075790891655572,1.0,-0.3360996904846607,6.427266036626888
-1.0,-0.8832318139046063,-0.8874863937974513,3.2458469507942844
1.0,0.3209056781309898,-1.0,10.734824400074055
0.40291924828675874,0.48891805303744507,1.0,2.8376930509258815
-1.0,-1.0,-0.9025975539737994,2.4012742357140553
0.24759172440332855,-0.03843861831222117,-0.6085747773493095,1.4119852614014692
-1.0,-0.9498470928490339,0.9177457303371312,17.66215067992917
-0.17863197445487344,0.9729890374018766,0.08587795404653376,6.374561850642628
-1.0,-0.15567592592918333,-0.4720148103526438,-2.325499946392021
1.0,0.7547765140699545,-1.0,17.678539793054217
-0.7101252707637049,0.9176250316389558,-1.0,-0.6045423108762725
-0.5405946555714587,0.3891351578343012,0.6403034876543645,-0.3406339240746793
-0.39654223239191966,-0.5038327811189973,0.8053061426210395,1.0610955788096232
0.06183570494157786,-0.6893588827402162,0.9019148854026069,-1.5101852640991704
-1.0,-0.893651937232552,-0.14509165790384126,4.651867553607862
0.2508621317681672,-0.4592666216947692,-1.0,-5.3553879477986595
0.4624482130712664,-0.29537931276980833,-0.48289902660901807,1.4453078099917536
1.0,0.005961127048075721,-0.8154065969702031,6.717660228444467
-0.8153268766836361,-0.3382601561072265,0.3069279102813236,-0.5576536896247253
0.7274958308457873,0.5959752125015458,0.8191973326742754,4.2553927266562575
0.49313643349259784,0.25430165469450206,0.009030730405076959,1.0079555417424337
-0.04674187754178272,0.16197036768996198,-0.513677650048896,0.9769539280430377
0.0869192440422144,1.0,-0.052474537943496324,8.451821020461365
-0.579929253800989,-0.9171829075540523,1.0,0.44678710955293544
-1.0,-0.7561785546990416,1.0,15.141238848570506
0.7921570612259772,0.7797774320910238,0.42869415500918584,4.993844247132615
-0.03354562566978059,-0.0017151430895137043,-1.0,-3.66511936522668
-0.23112191207429844,0.3947488081867738,-0.8680170356398007,-1.724016491705632
-1.0,0.12489595077906279,1.0,3.240917864344865
0.980657193585037,0.7367580387088188,-1.0,14.51967671906371
0.4227968651444749,-0.3580379963484073,0.11050897681648997,0.7309131078906664
0.7879049570583505,1.0,0.5024268307776474,7.827831038049611
-0.02280035219514054,-0.12615848964373644,-0.018242616261277433,1.0530447255318658
-1.0,1.0,-0.484073835784802,11.866931774427039
0.982307392536375,1.0,0.32766753564090245,12.147898791412869
0.6079537498033574,-0.055247027872168175,0.32537216064730146,1.837665067051079
0.015434012917737716,-1.0,1.0,-7.215065102065779
-0.034970529301102005,-0.9822191635107334,0.9839771558763213,-5.460708439222238
0.19848979708468462,0.5059730791456398,1.0,3.3792112821891207
1.0,-1.0,-0.8894434777409146,-20.937213315442257
-0.7426802073857242,-1.0,-0.7923293487845415,-1.145580249950131
0.5058680585328603,0.7887761213658757,1.0,7.481107725152877
-0.6148641982823604,0.20479324660484188,0.08701101343432271,-1.3804650062112842
-1.0,-0.5956314805436751,-0.6638650399609309,-0.5808375286530958
-0.23965484049953822,-0.05007481364418376,0.6688810945041779,0.354244937328697
-0.057135105440538236,0.5418753480955254,1.0,3.887087636665489
0.2367190654824869,0.9847395148912412,0.4770363540835585,6.8184335363396835
0.5618769349160568,0.23120914457909292,-1.0,-2.0310771953366547
0.7455451084313638,1.0,0.9132210540090739,11.502081604898013
-0.3075010333932042,-0.7794392158776835,0.13643184878263037,2.351804913736481
1.0,0.2623395885706603,-0.12759311348673874,5.582585598615651
-1.0,0.16326712537092702,-1.0,13.26806053369882
0.05351298846114427,0.4934545631919447,-0.9365741818475031,-2.0216949541746594
0.6830761283654578,1.0,-1.0,11.137072977498901
1.0,0.06780411445950207,1.0,13.107518231095964
0.16237052079036607,0.12802260634682439,-1.0,-3.3090275695483293
1.0,0.12554226170007166,0.8822441104142258,11.61141848463708
0.5673276135072232,-0.8933703233104222,0.24461242842736786,1.2953603518455639
-1.0,-0.6342869078169933,0.7044977644791257,5.662905378693634
-1.0,0.35972874830229173,-1.0,16.43055329533186
0.4730427406144453,-1.0,-0.7948345193323201,-9.53694207417471
-0.6767856499571774,0.9062078874339525,0.6248800060557314,2.6291680843445335
0.42222852157538204,0.977291368492748,-0.6970854854430142,9.803691786398536
-0.09265571722547317,0.15019223771254264,-0.0747908046385406,0.6244886048291143
1.0,0.5235944248263087,-0.9726859782837227,11.941900603110422
-1.0,1.0,-1.0,21.18194861437586
0.679954280107548,-0.19878724534516468,0.04631322602998611,1.8284134974673079
-0.7708945283461792,1.0,-0.9188621271082746,3.264749959948492
0.15415159256553523,1.0,0.7540000047684792,9.100150778446801
-0.13841332938369422,0.8299954626695907,-0.7765011178862302,0.9534252649708826
-0.037931054275851084,-0.33635757767784136,-0.7057690444023015,0.2879427792552045
0.5001017900592097,0.9296089718952987,0.11078075121218633,5.341957327088216
0.7730784693456632,-0.2475160986838214,-0.15231446155999784,2.2258620761151935
-0.6400910046014165,-1.0,0.04974617066102871,5.971992461534546
-0.027752779934667515,-0.6750040251107239,-0.6758682345152827,0.633042669213952
0.445136483004156,0.43876297116924534,1.0,3.223989315258846
0.5159701664346068,-0.31494101513546324,-0.0074148003206711,0.7548737542798061
0.7210126470360942,0.015524590224921253,-1.0,-1.161482708128965
-0.1576914323377252,-0.5782055894787097,0.8851806158588251,-0.31927351342626104
0.4806311073364977,-0.07352534189679205,0.178251709517963,1.27969485727842
1.0,-0.032407659011426615,0.6054263723893378,6.982080916419091
1.0,-0.004945392341070054,1.0,12.396127295923371
-0.008992759699451902,-0.3453595830735705,0.1845383567985608,2.030788333281704
0.6677147037138138,-1.0,0.50797599891819,-1.2290760786908415
0.9220826085034248,-0.596599744782152,-1.0,-3.514638676392706
1.0,0.4103213950280742,-0.36968855112490506,5.276295535687684
0.019724695194521136,0.33100024934099803,-0.06540925556483557,0.2722506213310145
-0.6163798354319323,0.9975054572983661,1.0,16.839763676326307
1.0,0.4358963346484708,-1.0,12.10505622657932
0.17960476821957716,-0.636894875309161,1.0,-2.827795280526973
-1.0,0.6287233317225485,0.048213576023118154,-2.627016864382444
1.0,-1.0,-0.41416622437322337,-10.717762686059574
0.49353065445336486,0.6969359017825854,-0.08840910802190072,1.0981703466044483
-0.6052797689093525,0.7090150311518686,1.0,7.159740279781861
-1.0,0.08499607466388692,0.16077859423779572,-4.984728414241113
0.913817844041898,-1.0,0.33216203864598115,-5.830289661943047
1.0,-0.3765340360693288,0.4260148708978817,5.99591418602648
-0.12689472950271208,1.0,-0.2208466014250452,7.843762900320776
-0.9377499445629935,0.21068740424774934,0.023307241293166747,-2.9079581709085316
-0.4205033027920757,-0.07471065798908727,-0.5272784402537716,0.23457264631291266
-1.0,0.5169311160770362,0.055674125101514704,-3.7807607860869843
0.1137982490136622,-0.6540187454820796,0.39311458181114145,1.2267443395920965
0.43380654318684075,0.49691675659121715,-0.2256102928185173,1.975953004628197
0.9884760556895369,-0.27584743799283906,1.0,6.5374391610488525
-0.963190779290229,-0.3856424326494796,-1.0,5.996077123786975
0.6734082507470993,0.20842531534149966,0.6477365140028013,2.799403526712001
0.9159535860934045,0.4037043818875228,-0.34716378318586294,2.883929234097215
-0.96625292350122,0.44123177047532436,1.0,4.21089338468597
-0.7251100460613638,0.6886457731354765,0.8689294507374472,1.5336920764543214
-0.1453780299818832,1.0,0.9845148196396072,12.73444225014209
1.0,-0.3871803559242273,-0.754707882261243,5.313827945969639
-1.0,0.20393226329285263,-0.09374142664237262,-4.1875139675669875
0.7587344080493352,-1.0,-0.7152784936363257,-10.909790223699154
-1.0,-1.0,0.5521201735218786,12.181595249782223
0.5866228941739513,-0.3959767404962313,1.0,-3.1392391595656566
-0.7744430332440759,1.0,1.0,16.621351811693298
-0.047462056528347896,-0.6898811374280163,0.35928610910101466,0.7681709029573853
-0.10684211796355902,-0.5982685864592336,-0.5645690414360867,0.9553830980042686
1.0,-0.8196766609224848,0.14804504138845975,-0.4919045998734634
-0.19921027941962777,-1.0,0.36990627061620285,2.279371953637807
-0.14872071147963384,-0.9279818661631085,-0.02959067831750639,2.2572431459049866
-0.19092734780781173,1.0,-0.45183351538767114,8.117267713139288
-0.2034379632089054,-0.12850493931051465,0.4847130856940731,-0.07065702138344963
-0.06808532591672156,-1.0,0.25247574216276947,2.37497379645143
-0.04683090728734762,-1.0,0.9390112024342325,-4.567481825684753
-0.6975980858188591,0.7120558187106336,-1.0,-0.3026392932923376
-0.8148567237244271,0.08012199740468184,-0.6107562122809016,0.17817055128498063
-0.1640368000106871,0.7978277812250858,1.0,8.349927784741872
0.9222371451583442,1.0,-0.34846759437264785,14.531222671397591
1.0,1.0,-0.2004876516376286,15.451996489059123
-0.5518424815927332,1.0,-0.5730008845650696,5.309264037863455
0.4903073512324223,-1.0,0.9667672446316775,-6.058825149111996
-0.44962243222274156,0.07200872075196108,-0.3221061716463196,0.29881196059888704
-0.06850585541063525,-1.0,0.8125387656476033,-2.3670490876597814
-0.25878906309814775,1.0,-1.0,1.6980457617599365
0.7890208649135493,-0.17766160414771637,0.7891173940882361,2.5262208256232435
0.16699933326477745,-0.2623070080845733,-1.0,-4.14503453195347
0.3735640074587756,-0.5794986012195831,0.25807474217054405,1.749509808577989
-1.0,0.4325299353140373,1.0,4.29323528771418
-0.5996428967141054,1.0,-0.2830111790777099,5.601459809031838
1.0,0.17928495210527173,0.40365416401304044,6.543415351668539
1.0,0.17645298250423336,-0.4393054375088248,5.116897994628079
-0.34148042042610416,-0.7225211891659851,-0.10876594978109866,2.1818435624078876
-1.0,0.22761944588061067,-0.5155579290183281,-1.653259467380069
-0.9702247462710518,-0.2170970748041603,-0.6909467488776277,0.7428448204971514
-0.6206670411525328,-1.0,-0.13884431112411333,4.7699127047335415
-1.0,0.8761128937462299,1.0,13.332538073319077
-0.4294964831875594,1.0,-0.4451273809406111,6.964588135908618
-1.0,-0.25240994001132866,-0.0686411731283787,-3.2999942875943917
1.0,-0.98443429942041,-0.26921571930422705,-8.185583365371423
-1.0,0.7370194912371284,-1.0,20.036405694719157
0.5942260495844771,-0.6059727950293361,0.9752008841445501,-3.6160272872048305
1.0,-0.32782357445194044,-0.3038538333591292,4.2495675533694905
0.1295796418160875,0.8566597754488134,1.0,8.307586829637327
-0.13393414696103467,0.35840241472795165,-0.2306408979783694,0.37316256569206896
0.004778882525761752,0.07201258744899475,0.5995618390839201,0.2770379629436552
0.9749874904996891,1.0,-0.11494441380628628,14.364990306843232
-0.24379679683656974,-0.9328356699523095,-1.0,-12.214866405476144
0.019377184560309235,0.9944910171215409,1.0,12.5444266379912
-0.15636265954869022,-0.8320331609843747,0.8764883515043957,-1.3309029492154454
-0.27062189560920413,1.0,-1.0,2.865792036759413
-0.35512290789946177,-1.0,1.0,-4.97767226671691
-0.004482147555601612,-0.9158606395712725,-1.0,-12.394236615660445
-0.3352406910580761,-0.5814653107328365,-0.45581259000906305,0.8421009585634744
-0.6212827394824059,0.07077253556260721,-0.4988892392538975,-0.3370063566805432
-1.0,0.6354760341820445,0.2417590355796282,-3.258722084356118
0.07473623099694682,-0.6772262742214763,1.0,-2.358570646911937
0.17898172658428524,-0.5469733131183541,-0.13994195159004041,1.681162376573992
0.22293847342282036,0.44202399419763094,-1.0,-3.2694713219709364
-0.4608784695965149,-0.866512616516407,-0.8923172509036565,-4.444073463031491
1.0,0.4573085376533852,0.09699924952371375,6.584528986937906
-1.0,-1.0,0.4039318742082052,11.530155201257585
0.9190075188578699,1.0,0.775906083093004,14.782646512465071
1.0,0.8668105218554125,0.4350406848886732,12.157773271451235
0.19156451098277683,0.010244787279962475,-0.40255376270913823,1.2858689082872212
-0.07081406400886658,-1.0,0.07499165702857868,3.1223260606376164
1.0,-0.24636006991173764,-1.0,5.342666978497203
-0.5669757754211098,0.7821361857069267,-0.5911300902544665,-0.7986044703440323
0.27331784727105046,-0.04173930229882905,-0.1145798461996217,1.2043703574509073
0.36206928905887037,-0.11338995858898326,0.27943754764965667,1.5631522847749402
-0.7188070489638674,-0.8293886604797052,0.10573667583610846,3.3020795295622323
-0.31414311635235515,0.5201137789321364,0.06773597228646522,-0.29970756373469887
1.0,0.4146679525482164,-0.2650301774241255,4.658032178368123
0.9964650101247372,-0.34774362352983146,0.9425360831470682,7.046580194867401
0.5384563140121821,-0.041379225358537886,0.014839869393450611,1.5121407620725988
-0.13068862598769093,-0.6180915044915334,-0.15388750413893648,1.2629751683029866
-1.0,1.0,-0.7388172943135518,12.653111886453436
0.13122687224042173,-0.9557509355681824,-0.5319380134901259,-0.11430172535213498
1.0,-0.6861882577334029,-0.2639926988627814,2.218761353265373
-0.5209462712829018,1.0,-0.1356636968335243,6.225426661445715
-0.4288680919052865,-0.8163854696928865,-0.7842669682040062,-1.7885273094843692
0.20076980670718925,-1.0,-1.0,-19.08360181718326
0.41437355341246085,1.0,-0.9144339899058507,9.600763945387559
0.069310355394407,0.07417609795679314,-0.28635746767137626,0.9303470594759796
-1.0,1.0,-0.4089439963248038,12.454354748228509
0.5320665655330266,-0.1564338384208388,-0.8629259086077545,0.840129322191856
-0.8583521276031736,0.056292049678416056,-0.1779738427610491,-2.3351283513667043
0.5004629933826039,0.7572897166699033,-1.0,-2.2004204142984203
-0.4801242207553216,-0.716842155151775,0.23719389870126828,1.524149920337901
0.18646887088519115,-1.0,-1.0,-18.52677022773302
-0.0698025186499811,-1.0,-0.6614802817316974,-2.8671772201094465
-1.0,0.9730954566368466,1.0,16.30731177890298
0.021793689001049943,0.276084750326304,-0.65125731752087,0.811957397826247
-0.17221814113457357,-1.0,1.0,-6.774531140046194
-0.006952100637820369,-0.15249711362417195,-0.1431927312614394,1.137392146886834
0.6945274077251828,-0.703864914592057,-1.0,-10.415061683160195
-0.46324966460594297,-0.008193620835715398,0.9256124858002659,-0.7390220426197571
-0.1869519764836136,0.10536611709123567,-0.7748365747304513,0.09379786971258126
-0.24859986904648546,-1.0,-0.3314298067824113,1.9479577653795956
-0.3351819632417459,-0.9037506899959247,1.0,-2.181006643952786
0.035200988833969715,0.985377539607718,1.0,12.009872193360351
0.23430542872970817,-0.244087360991446,0.38269972800632734,1.1336245080020209
1.0,0.16409883568551176,1.0,15.420018069340287
-0.12745383796278054,0.7860933331254272,-0.07672589253828743,0.9264118232392959
-0.583075922380915,0.32752257721056033,1.0,3.020565767860348
-0.6511766642318397,0.6068266300929837,1.0,5.535920568432176
-1.0,-0.055113659095737955,-0.054469064972167525,-4.327945221885509
-1.0,-0.22046066730416847,-0.38251041076926984,-3.22855480529075
-1.0,1.0,-1.0,21.585574137376966
-0.1108493886493287,0.3462907183460202,-1.0,-3.2794870213906666
0.6842617987390418,0.19612627857117593,-0.3947066671111499,1.336977906753263
-1.0,-0.9218710942877089,-1.0,4.026581604014457
-0.968622243115592,1.0,-0.5060120940063775,9.91129122585645
0.11454816597466988,0.16806761528278602,0.3127767791005962,1.3810479940520661
-0.48127441452216857,-0.18524030019412363,-0.8403870539534386,0.44506289816660427
-1.0,0.5896647586950585,-0.7243389541607435,5.960997764559922
1.0,-1.0,-0.13181246142909142,-9.519449226361983
-0.21927642767038846,0.06042196549458767,-0.7331904464279138,0.5159712369779365
0.20296204196588574,-0.0451438933777486,-0.3757878016398932,1.6308083966978686
0.8904292876135695,-0.9534586426840563,0.5061162476919958,-3.123548112482757
1.0,-0.16536348514968746,-0.6415559847915957,5.32151349830995
0.8892379727414235,-0.9197208760385565,0.7642059788576538,-1.4809291546471746
0.2840061228610953,0.7543067499982041,0.6883712677827505,3.633289227444456
0.9997699835215079,-0.8049500318476219,1.0,-1.0054577254704904
1.0,-0.10094346325159553,1.0,10.170956339028772
-0.5430962352789115,-0.17819598061776443,-0.7114951801046374,0.7742558189021316
1.0,0.9178355323713818,-0.55737780690464,14.606581411113753
-0.1785931823130198,-0.6544499253024014,0.07761308110099274,1.5845780643268248
-0.16700809896500823,-0.7069246119652335,-0.377179101675992,1.169119546492622
0.6139899336507393,-1.0,-0.6232919420052936,-6.573957574288969
0.19156822533229456,0.001448986613698855,-0.05245968266620138,1.2975244041886744
0.13328336828610254,-0.0018806178291266296,-1.0,-3.267267078267278
-0.013185268124013882,1.0,0.5077532975055916,8.590946793689689
-0.09510455089370562,0.5520491550424265,-0.30863860249818154,0.7171676393942462
-0.46553907087374036,0.5516194425178813,0.5934778113284904,-0.3363159971822552
-0.291733579602359,-0.8773389001775251,-0.8340276291708464,-3.5897849350456954
0.025865264037593372,-0.11121444115530599,-0.2396421110640916,0.3463938613034685
-0.4329075201189858,1.0,-0.899888602737223,2.965142736324285
0.7640222315971281,-1.0,-1.0,-26.20652201186098
0.370465617481871,-1.0,1.0,-7.091386280752349
1.0,-0.14240261201894167,0.9908222380331333,9.393879956243428
-0.1777665745165471,-0.13719918143665888,0.664926180535677,-0.7465947200527107
0.27938658372545655,-1.0,0.9937204832530366,-7.130145228812166
-0.6991525793846545,-0.3266557445314091,0.8245220021202628,1.2402605611751956
0.5465049014724555,-0.6935824324064779,0.4774618124045542,0.33044237647636415
-0.24460988068412237,-0.022192187436973487,-0.639024307114862,0.11150002996624836
0.06779266735703016,-1.0,-1.0,-17.510616612318355
0.6048943704606164,0.3438521278362048,0.9506259231835246,2.1360146333642747
1.0,0.6538726984840255,0.9127526478630188,19.70148510651685
-0.44663855229449245,-0.34681643014995034,0.34661574540309514,0.46990683798503496
1.0,0.3524813350988074,1.0,19.314342161705163
1.0,1.0,0.3591410212705579,13.308124692345464
-0.12516501989272544,1.0,0.002321334172611822,7.559245385141306
0.17660723160497116,-1.0,1.0,-7.2407608978833675
-0.9351181642057433,-1.0,-0.29583143496492514,6.6547461359414495
0.6772215092860359,0.39893690500175527,0.03546272828878916,2.152446189685845
1.0,-0.1884745198000315,0.027230575596614903,4.694732440461739
-1.0,-0.901926974785938,1.0,19.98609119810343
-0.7018903570750941,-1.0,-0.42464142755366674,3.452668606531002
0.13566419242767713,0.0871324293043938,-0.547723373056006,1.5721580430809257
1.0,-0.0033525779834817637,1.0,11.241986621713476
0.29676338823765924,0.1706335577250564,-0.6049335988296229,1.0243017588467467
0.2979384842111854,-0.5913683692314626,1.0,-3.329174127787042
-0.1422117054854961,0.5648698423930281,0.018029270334020797,0.37095743802546993
0.06568730011934032,0.6722270740652272,0.7791578584236412,2.37390497889077
0.44818830341180527,-0.23231981310510497,0.6962069487190397,-0.2628797066296973
1.0,1.0,-0.5952700027544069,22.183574461228407
0.7641387865794305,-0.7209964544725378,1.0,-3.6911986295010113
-0.49818532338741184,-0.9377098311609846,0.14072122494330963,2.6087764301972314
-0.10355416825602193,0.7850689199059178,-0.1347449968833454,1.9502570118489766
1.0,1.0,0.05568742498225632,14.884192057937963
1.0,-0.39321870009039794,-0.7629185654976944,6.36604331532992
-0.6222838559234738,-1.0,-1.0,-9.757806006968668
-1.0,-0.8993041624318285,-0.3836414869279954,4.1558145968018065
0.915878563429128,-1.0,-0.36176715381047897,-7.845905119908002
1.0,0.05857041858245027,-0.8554595412510302,7.980621889405981
0.7627426982001468,0.2053195348668746,-0.0005318430222842618,2.042514477995898
0.8791862212506922,0.9042798458608539,0.8967504169244942,14.9125285592319
-1.0,0.9696651311082765,-0.5854678389944401,11.377268471032284
-0.6198070858482125,1.0,1.0,15.835471560568362
-1.0,0.38895101867693604,-0.4633060532939417,-1.0068942487514012
-1.0,-0.8265826994253385,-0.8830207592810226,4.113461954283819
-1.0,-0.33192703027192727,-0.6844962812814395,-0.6847212891638728
0.8414138668530569,-0.42704058896604313,-0.4929400113438158,2.2897895654712053
-0.3160492442454672,0.2984343005698955,-0.2470691680650734,-0.3468453821587678
-1.0,0.01336753308029115,-0.2680623150796233,-3.298074852918954
1.0,0.6500208854598577,-0.2626510166933804,6.18323800446537
-1.0,-0.5309194575479965,-0.9562828923128532,4.646695644585541
0.5267538815446227,0.4407369969188839,0.4323554691627629,2.2417767218729217
-0.9901262924825855,1.0,1.0,17.334866758118075
-0.13388632189294825,-0.8327738584174507,-0.7594234070562391,-2.714406624275041
-0.906818331123415,-0.27902588688299046,-1.0,6.1924826543518625
0.8785167802203213,-1.0,-0.9808636093262684,-27.193469867228092
0.15808809812202362,1.0,0.03534294220814749,8.360175179573488
0.4978856887473353,-0.11879077211831657,0.12176042014514277,1.2921925598178143
-1.0,0.06386007215384537,-1.0,11.244864997842065
-0.3979933383415375,-1.0,1.0,-4.558298585396088
-1.0,-0.009122468324167299,0.705698626829236,-2.5630212131493444
1.0,-1.0,1.0,-9.579940896174522
1.0,-1.0,-1.0,-28.89221659568697
-0.03835833705411362,-0.5973949516444115,-0.9881335173629813,-6.175420760618852
-0.13721870954407067,-0.4454516611304191,1.0,-1.4895261036926057
-1.0,-0.33851720790339024,0.09441709977670665,-3.28629937544403
-1.0,-0.4231425186137985,-1.0,6.137174446145509
-0.8224535733798646,0.6927226426348165,0.49222011436813884,-3.402573101698391
0.15306484652531238,-1.0,-1.0,-18.466495618718504
0.873379676995502,-1.0,-0.3264024062610025,-6.147434695853436
-0.1496202275173264,-1.0,-1.0,-16.033057594871178
-0.7322805434791422,-0.039888053585745764,0.510733729011217,-0.9933754699255488
0.18002392269727108,-0.4908166493206363,-0.11086354100262796,2.040127485780225
0.40373810351682127,1.0,0.20831476740785826,7.378597413623593
-0.024788381363127332,0.6216756973815498,1.0,5.965719203539692
0.45213761749174264,-0.9954121146852066,-1.0,-21.52150082245249
-1.0,-0.8699067693491274,-0.5550977279168581,2.694315252312183
0.3685894273956811,0.6284653571885437,-0.4624702875593405,1.663682707870514
-0.41821275268888214,-0.3269037044814196,0.22843197623447686,0.0200706972167371
0.14245142795858423,1.0,-0.5543506212576936,10.464433378907643
-0.22729087530560954,0.5821768508161314,0.6226626148454393,0.5695635164787837
0.8593210007947725,1.0,-1.0,21.360090127622538
-0.08384352723547117,-0.5559251067680795,0.7298212301510862,0.3518962458516569
-0.32082157927811505,-0.9149162850627672,0.6423331439562285,1.2763048383200988
0.5555445770034653,0.9195370551713735,-0.25939547128834306,6.094681607835071
-1.0,-0.6778526300232051,-0.18874750683316188,0.2492690985741468
-1.0,-0.27828389313320523,0.8968792097490226,2.154810846256178
-0.21466345045114732,0.48760212061047814,1.0,3.6878894657883126
0.6929861970876185,0.8283810286020001,-0.7891928245974327,3.603937422058633
0.0914224964724808,-1.0,0.8453465791558032,-2.710922582995016
-0.1566439654172791,0.5924064311282244,-0.36364700164028596,0.3519447358859013
1.0,0.687073247279725,0.7255506569402128,13.974204453224841
-0.33067575190283915,-0.7045939498160141,0.698916229686297,0.8917372234671319
0.11722524899695519,0.5969631156685336,0.16732838537271788,0.7051389910178858
-0.9768266446528742,0.83187215132254,1.0,11.932641438200227
0.7512575541927118,-0.5788706471516814,0.31681608250310367,0.8810619616651547
-1.0,0.929780310070663,0.8285801696227575,3.57534104652432
0.014705654303460935,-0.5076368190880982,0.2849636882390536,1.1728378022863661
-0.11467019458738181,0.2174870838752594,0.10237993095509546,-0.12684919390703925
0.00783627355595562,0.12632486580103386,0.02873088810451807,0.669487913743513
-0.0809512983363252,-0.0792030532325334,-1.0,-1.9615694636789416
-0.4618698182498848,-0.005862429828032978,-0.8916961028034045,-0.38914447524914253
0.1931670696161536,-1.0,-0.35502297106267555,0.7962447731472938
-0.407343153222804,-1.0,0.5330701494879129,1.6623627494895135
-0.602809447072054,0.4473812743090284,0.18006653170363807,-1.9569584304744212
-1.0,0.8810886687929913,-0.7054733083886437,9.0868270703207
0.2541124176060461,0.8762935548355331,-0.8874654308728345,1.7754294588457915
0.6477128367122382,-1.0,0.8840161623820171,-4.484515617342112
-0.09179913055398492,-0.5636643251099762,0.7066088196421185,-0.4829531316957299
-0.19073095866089673,0.8537425086372548,-0.1572701646277268,2.660046401556235
-0.2553931101127107,0.46526476528500305,0.10421096867383328,-0.7739725402527786
-0.2378920774320883,-0.8781406134005487,1.0,-3.189606107292719
-0.11958939462788987,-0.0954537379651732,0.12848263294306372,0.3414048404410651
0.45157004175553306,1.0,0.710731920454938,7.460382885618504
0.19491237521749705,0.294676938457221,-0.38877968143905917,0.8476637893080515
-1.0,-0.5332821724158616,-0.45876940704219993,-0.18555590781355313
-0.36503334897285455,-0.4019731248848668,0.049227218617245105,0.3957888608109092
1.0,0.5001170571717908,-1.0,12.370757570755195
1.0,0.21591371401100234,0.6051623552625283,8.6023431014265
-0.333620064531267,-1.0,-0.5074252622124804,0.9137658006909924
1.0,-1.0,-0.8956937497251263,-21.54315988922683
-0.7943979804782659,0.12287494119320086,-1.0,4.084938683911535
-1.0,-0.30384513939856217,-0.7150156635966545,0.1881751279950694
-1.0,0.17474460776766532,-0.08814923969437216,-4.453657032721718
-0.6701432527225939,0.6606944859815198,0.07113036602144351,-2.4460855759784748
-1.0,-0.4938514422600746,-0.7524811911170559,0.018883384920181268
-0.3398115682355747,0.16788714617067702,0.5921050919152433,-0.6997150356217172
-0.18970540909860145,0.23290435558136546,-1.0,-3.9511130022005605
-0.007850990831653304,-0.08883977722343084,-1.0,-3.261686087201865
0.3501423780050421,0.15937580933910578,1.0,0.6618611563520747
1.0,-0.27886914636781834,-0.10410980567326966,3.9654476956059566
-0.33986301162452004,0.07848906683080115,-0.6171698913227992,0.7137256482844238
-1.0,0.4220731551865915,0.22334116012487404,-4.698945202655294
0.7973433540568025,-0.49635570469089707,-0.9699313286162805,-4.141277904878456
0.030214661985513924,0.3090431733738852,1.0,2.7105481913449836
-0.2283082183062215,0.44025483557127565,0.4030729152329622,-0.5054276235266256
1.0,0.3925681395716847,-0.5661435573651947,4.962616321509497
-0.44144794664835585,-0.911824729612962,-0.024802810732004188,2.563033912249393
1.0,1.0,0.35488709499314686,12.155409039975204
0.1853889296354183,-0.981114391409385,-0.8897250761445514,-10.480933710506232
-1.0,0.11168652251388833,-0.7668549047369582,1.9436580323587025
0.40084172047487177,0.19074213982919574,-0.5508629856395417,1.370784415686874
-0.16257764898890104,0.8754316427260171,-0.6271540434906575,2.9094453302502177
0.44062045450927334,-1.0,-0.30124084110172467,-0.05444846230704564
0.37673307527655475,-0.3269730484835942,-0.9887381148630356,-4.798031750226441
-0.8699262936107115,0.39725201645818253,-0.6318416066085095,0.0007785039481177924
0.2581697680155066,-0.6779917145424077,1.0,-3.6498026973429756
0.09627210038420264,0.45298702969435123,0.009462266944532116,-0.6835947929308173
-1.0,-0.821890794618253,1.0,17.73582418006418
-0.5360157747720604,-0.15329922493688608,1.0,1.2464912493342724
-1.0,-0.7938067015416532,0.4927452229627842,5.242784220291256
1.0,0.18867460375001133,0.2803910637431244,5.8292694271267465
0.1006348713111378,-0.7112900592419305,0.4543017309023625,1.7818391717411657
1.0,0.27705222718995737,1.0,16.997870452229026
1.0,0.04594088648164085,-0.6741135487180232,5.340686813393032
-0.6273348632119204,1.0,0.05675137845061329,3.6679054643441646
-1.0,-0.35654720305071463,0.11494917582517705,-2.684955183351096
0.6998910079488088,-1.0,1.0,-7.609451458682257
0.25172290642855,-1.0,-0.35116683230275747,0.8121295881016265
-0.3926908547285035,1.0,-1.0,1.2225882341794967
0.2320062937902192,0.3244114089451968,0.2815036465731009,0.4963864766502316
-0.2943002155122063,1.0,-0.8901674740948571,4.654481827081464
-0.23813640211209708,-0.7737989320346845,0.0017338954846659593,1.263319272071005
0.4605738253128626,0.6393423129527462,1.0,4.924218668613249
0.4600029776906691,-0.15683305934218517,-0.9316275400576024,-0.7985216386182652
1.0,-0.33594106863318807,-0.4189069394079441,4.998095735643976
-1.0,0.8540419414884508,0.03568459527433454,1.4683726760830096
-0.7801501690325112,0.24634913039730977,1.0,3.501910977997219
1.0,1.0,1.0,26.48331491717013
0.06425322494795749,0.3608309579915183,-1.0,-2.5987006781354864
0.15954625512306353,0.9572100996682664,-0.5085018276291182,8.014201472684253
1.0,0.45271421325541117,0.8186667139019428,14.008576805720535
0.02136855881837585,1.0,-0.2674735366570724,9.488708552536709
0.22492899041637116,-0.6304810373745697,0.12947646676989866,1.1823837081143052
1.0,-0.6596007540409501,-0.3625016591567696,3.5352183306733753
0.2971325942987706,0.4599678858571594,0.7203446738997581,0.7484781458195606
-1.0,-1.0,1.0,22.29425542749422
-0.946590225332751,-0.6599330415183853,1.0,10.95765057538561
0.843281978772924,0.8472010655146469,0.26021562113125896,5.26412284269119
1.0,0.7694381036447042,-0.9196032616693905,16.10292033627085
0.8904504117867711,-1.0,-0.08192284304998076,-5.451693239834108
1.0,-1.0,-0.1565348187464386,-9.056550527383129
-0.7294049062740591,0.19541122694079327,-0.18399574124318674,-2.2148892026330165
0.0692371111532688,0.8637992166759683,-0.6428889040424877,2.899184354813802
0.3943085202016001,-0.5617583539543123,1.0,-3.0999152551701803
0.6815886310161479,0.4801391023706003,-0.8386969499619439,0.5152218226072854
-0.06328998552284104,1.0,-0.5070940884981336,8.955991904163502
-1.0,-0.22088348543191727,0.8044158577233995,0.17726711220198565
-0.8377345284868869,0.5655932785792117,0.8741876511096647,0.93026028397385
-1.0,1.0,1.0,17.487092792797046
-0.23343016612324496,0.652641696349872,-0.6303456036424959,-0.23346363748374
-0.46538294002885383,-0.11525100917384501,1.0,0.8285799573671742
1.0,0.8698238557222093,-0.9463270827534149,22.906480744228613
-1.0,1.0,-0.5708861815369672,12.550903898554793
-0.22188084545150177,0.5034643762132276,0.17172862030230518,0.07284952225918695
0.45959740023498297,-0.15667889661462664,0.18485951113367682,0.8285777321133683
-0.21489070906540952,0.33457525039474967,1.0,2.2221650450389747
0.6634773003709371,-0.6943811119690972,-0.31233396755268017,0.8489666995259347
0.09483922225976671,0.3217854328831615,0.21351259164037373,0.18759055023645937
-0.22379482143567175,1.0,-1.0,1.9569785199002048
0.5268452790358784,-0.6077937318365232,0.44681627145467573,0.16110312944570782
-0.218422062481761,0.3485192301075519,0.10348510435229663,0.029972724543431195
1.0,0.4700831747600529,1.0,21.323731369265445
0.032311295804185125,0.08293261679107666,-0.05742149015989306,-0.2526492846023338
-1.0,0.7138133069625261,0.8320176726122857,0.4308022015473806
0.8653624855129609,-0.06890842781078033,-0.44351287045625476,2.9847015981583787
-1.0,0.32674640085232176,-0.24615987842895515,-3.0056326705057796
0.6491352699494672,1.0,-1.0,9.18671291506347
0.9416355623745651,1.0,-1.0,29.83780176770328
1.0,0.6054011594006603,-0.29894909491536215,5.450075314111004
0.41031764692402795,-1.0,-0.04717384221572152,0.7381034609752571
-0.5461111358790065,-0.33677900155989593,-0.48262718131733684,0.9103729507998152
-0.45627088320973996,0.6741014367969187,-0.44969441515103514,-1.3947765021825906
-1.0,0.2308168070554939,-0.8328618308493294,6.404480824319351
-1.0,-1.0,0.4772768090230255,12.125373741986843
-0.2933976967241221,-1.0,-0.045852761344595594,3.3730647171056813
0.5520707722740268,-1.0,-0.6401188022942637,-4.757815489081384
-0.9206283154201811,-0.5083915256942062,-0.4829557339769037,0.7020208043089514
-0.14607387614206102,0.30559475678651626,0.022343932757337592,-0.11146267564963869
-0.1329731353769097,1.0,0.8160812093280398,9.694941864056785
0.28620139155506474,-0.9348881128023698,0.49355288888573745,0.6394863591101055
0.7336161442886846,-1.0,0.9820284049275319,-6.438082432984046
-1.0,-1.0,-1.0,2.672550719662124
1.0,-1.0,0.4415692120176704,-7.216728597029317
-1.0,-0.3407443178890641,-0.2062980338392506,-2.5505048020428487
-0.029279907502315572,1.0,0.09401231111346475,7.609442608224418
-0.20870472042309918,-0.7909054456794524,0.6607745370496705,1.1673974542565275
0.7121266126511776,-0.37130297050445193,-1.0,-3.9973690300643447
0.48569138213840435,-0.7395155406403773,0.8582183225274622,-1.794166965823184
-1.0,0.20515349389503212,-1.0,13.547846939714482
-0.5878906502129528,1.0,0.5279492146238149,5.0327201971715905
-0.053752734963111726,0.5775274988204371,0.09576460769977668,0.09021962130136627
-0.4251528701545195,0.04053026486255229,0.02984065229385613,-0.12931611173918767
-0.9612592597813507,1.0,-0.9972545877072216,16.204510460958726
-0.1365990992291204,0.5338884263320689,1.0,4.452526856447439
-0.19219099475439605,0.2839190184763061,-0.394509585608803,-0.16718544454232562
-0.7510036138830116,-0.2823208516632745,-1.0,2.5965761884725738
0.5543155926665968,-0.5962057085333745,0.6579953644603045,0.5441419057379862
0.9168400435328292,-0.7603497448148215,1.0,-2.134129499584156
-1.0,-1.0,-0.07286246626029813,7.164660364216644
-0.5201461838773427,-0.2213904103639588,-0.32199706769486425,0.305703388983885
-0.24339172189166502,-0.01927532201045623,0.15778365287877993,0.6376932166464667
